Model,FullSignalNMSEdB,ImprovementVsGMPdB
Complex GMP,-38.859983056995,0
Widely linear GMP,-38.8667219746912,0.00673891769621093
PN-IQ,-42.7401715399615,3.8801884829665
